Metrics,Manual,Benchmark
Cumalitive Return,0.3754475000000017,0.01232493334014717
Mean,0.0007386899720461592,0.00016875916214640192
Standard Deviation,0.014588453233760752,0.017041247068174326
