Metrics,Manual,Benchmark
Cumalitive Return,-0.31120049999999955,-0.08357911003280027
Mean,-0.0006960128619148088,-0.00013742923038916516
Standard Deviation,0.009470016744316924,0.008500158322332453
